{
    "recall@1": 0.4,
    "recall@3": 0.5733333333333334,
    "recall@10": 0.8266666666666667
}