{
    "recall@1": 0.0017421602787456446,
    "recall@3": 0.010801393728222997,
    "recall@10": 0.03902439024390244
}